{"_myNextGroupID":1,"_myVertexGroups":{"dataType":"Map","value":[[0,{"_myID":0,"_myIndexList":[1937,1928,1926,1920,1911,1904,2582,2584,2583,2425,2435,2572,2566,2563,2560,2553,1946,2552,1945,1939,1936,1935,1959,1957,1956,1938,1948,1947,2088,2550,2549,2554,2564,2442,2436,2434,2426,2427,2424,1900,2423,1903,1918,1923,1979,1960,1961,1953,1952,1950,1949,2089,2086,2548,2443,2441,2551,2440,2437,2433,2431,1901,2422,1894,1895,1922],"_myNextVariantID":2,"_myVariants":{"dataType":"Map","value":[[0,{"_myID":0,"_myPositionMap":{"dataType":"Map","value":[[1937,[-0.0000027030509954784065,1.1661934852600098,0.15284140408039093]],[1928,[0.03246898949146271,1.1659055948257446,0.15003283321857452]],[1926,[0.060623619705438614,1.1670573949813843,0.1360718309879303]],[1920,[0.08691637217998505,1.174167275428772,0.11469481885433197]],[1911,[0.1056450679898262,1.1835343837738037,0.07909635454416275]],[1904,[0.10937651246786118,1.1822360754013062,0.040213681757450104]],[2582,[0.10937651246786118,1.1822360754013062,0.040213681757450104]],[2584,[0.09910659492015839,1.1758860349655151,0.007637058850377798]],[2583,[0.0763794407248497,1.1677398681640625,-0.01882639341056347]],[2425,[0.047235023230314255,1.1603959798812866,-0.03487798944115639]],[2435,[0.02183591201901436,1.1567429304122925,-0.03940238058567047]],[2572,[-3.620957045313844e-7,1.1554657220840454,-0.04087384045124054]],[2566,[-0.02183629386126995,1.1567429304122925,-0.03940238058567047]],[2563,[-0.047237325459718704,1.1603962182998657,-0.034877557307481766]],[2560,[-0.07638014853000641,1.167739748954773,-0.018826283514499664]],[2553,[-0.099103182554245,1.1758793592453003,0.007627968676388264]],[1946,[-0.10937713086605072,1.1821980476379395,0.04017512500286102]],[2552,[-0.10937713086605072,1.1821980476379395,0.04017512500286102]],[1945,[-0.10584244132041931,1.1831579208374023,0.07905880361795425]],[1939,[-0.08710304647684097,1.1736464500427246,0.11472164839506149]],[1936,[-0.06056427210569382,1.1671184301376343,0.13608995079994202]],[1935,[-0.03246215730905533,1.165995717048645,0.1500314623117447]],[1959,[0.030531620606780052,1.2105283737182617,0.15986518561840057]],[1957,[-0.000003848024789476767,1.2125449180603027,0.16202300786972046]],[1956,[-0.030527420341968536,1.2105720043182373,0.1598857045173645]],[1938,[-0.05891362577676773,1.2063617706298828,0.14743153750896454]],[1948,[-0.08466015011072159,1.2045906782150269,0.12771067023277283]],[1947,[-0.10626789182424545,1.2091187238693237,0.09441167861223221]],[2088,[-0.11370069533586502,1.215240240097046,0.04918338358402252]],[2550,[-0.11370069533586502,1.215240240097046,0.04918338358402252]],[2549,[-0.10779286175966263,1.2127745151519775,0.012573826126754284]],[2554,[-0.08380423486232758,1.2001922130584717,-0.020033610984683037]],[2564,[-0.051989104598760605,1.1914098262786865,-0.03981959819793701]],[2442,[-0.022178905084729195,1.188820481300354,-0.04431627318263054]],[2436,[-3.2856809184522717e-7,1.1891281604766846,-0.0434739924967289]],[2434,[0.02217855490744114,1.188820481300354,-0.04431627318263054]],[2426,[0.05198919028043747,1.1914089918136597,-0.03981926664710045]],[2427,[0.0838031992316246,1.2001922130584717,-0.020034033805131912]],[2424,[0.1078050285577774,1.2127801179885864,0.012607594020664692]],[1900,[0.1134919673204422,1.2155711650848389,0.049310389906167984]],[2423,[0.1134919673204422,1.2155711650848389,0.049310389906167984]],[1903,[0.1058974415063858,1.2098294496536255,0.09449759125709534]],[1918,[0.08437364548444748,1.2054109573364258,0.12769141793251038]],[1923,[0.059063177555799484,1.20628821849823,0.14738492667675018]],[1979,[0.050400637090206146,1.2451698780059814,0.14474475383758545]],[1960,[0.025646686553955078,1.2494747638702393,0.15262380242347717]],[1961,[-0.000020458806829992682,1.251278281211853,0.15469509363174438]],[1953,[-0.025669075548648834,1.2495520114898682,0.15264959633350372]],[1952,[-0.05087254196405411,1.2440330982208252,0.144788458943367]],[1950,[-0.09974272549152374,1.237167477607727,0.10456248372793198]],[1949,[-0.07599157094955444,1.238756775856018,0.129986971616745]],[2089,[-0.10970230400562286,1.2401801347732544,0.07707492262125015]],[2086,[-0.11122582852840424,1.238125205039978,0.035968199372291565]],[2548,[-0.11122582852840424,1.238125205039978,0.035968199372291565]],[2443,[-0.06365706771612167,1.2390718460083008,-0.050687141716480255]],[2441,[-0.02694009616971016,1.236199975013733,-0.05680365487933159]],[2551,[-0.09723936021327972,1.2480107545852661,-0.03299601003527641]],[2440,[-3.719591461504024e-7,1.2367074489593506,-0.05504715070128441]],[2437,[0.026939351111650467,1.236199975013733,-0.05680365487933159]],[2433,[0.0636560395359993,1.2390717267990112,-0.05068721994757652]],[2431,[0.09723828732967377,1.2480100393295288,-0.03299602121114731]],[1901,[0.11104877293109894,1.2382758855819702,0.03603054955601692]],[2422,[0.11104877293109894,1.2382758855819702,0.03603054955601692]],[1894,[0.10886894166469574,1.2410287857055664,0.07721731811761856]],[1895,[0.09885840862989426,1.2382805347442627,0.10463107377290726]],[1922,[0.07446126639842987,1.2411167621612549,0.1299879252910614]]]}}],[1,{"_myID":1,"_myPositionMap":{"dataType":"Map",