{"_myNextGroupID":6,"_myVertexGroups":{"dataType":"Map","value":[[3,{"_myID":3,"_myIndexList":[1127,1139,1156,1161,1071,1099,1141,1162,935,969,1072,1101,923,932,970,1041,920,1018,1042,1201,1017,1079,1202,1223,1081,1084,1221,1225,1020,1083,1206,1226,917,1022,1046,1204,919,937,974,1044,1074,1091,1128,1158,939,972,1076,1092],"_myNextVariantID":2,"_myVariants":{"dataType":"Map","value":[[0,{"_myID":0,"_myPositionMap":{"dataType":"Map","value":[[1127,[-0.0049493759870529175,1.5952422618865967,0.575959324836731]],[1139,[-0.0049493759870529175,1.5952422618865967,0.575959324836731]],[1156,[-0.0049493759870529175,1.5952422618865967,0.575959324836731]],[1161,[-0.0049493759870529175,1.5952422618865967,0.575959324836731]],[1071,[0.2647669315338135,1.6152501106262207,0.5143102407455444]],[1099,[0.2647669315338135,1.6152501106262207,0.5143102407455444]],[1141,[0.2647669315338135,1.6152501106262207,0.5143102407455444]],[1162,[0.2647669315338135,1.6152501106262207,0.5143102407455444]],[935,[0.5433897376060486,1.6422417163848877,0.3927203416824341]],[969,[0.5433897376060486,1.6422417163848877,0.3927203416824341]],[1072,[0.5433897376060486,1.6422417163848877,0.3927203416824341]],[1101,[0.5433897376060486,1.6422417163848877,0.3927203416824341]],[923,[0.8216667771339417,1.6348154544830322,-0.13615356385707855]],[932,[0.8216667771339417,1.6348154544830322,-0.13615356385707855]],[970,[0.8216667771339417,1.6348154544830322,-0.13615356385707855]],[1041,[0.8216667771339417,1.6348154544830322,-0.13615356385707855]],[920,[0.6317357420921326,1.6756021976470947,-0.6238641738891602]],[1018,[0.6317357420921326,1.6756021976470947,-0.6238641738891602]],[1042,[0.6317357420921326,1.6756021976470947,-0.6238641738891602]],[1201,[0.6317357420921326,1.6756021976470947,-0.6238641738891602]],[1017,[0.2595892548561096,1.687885046005249,-0.8633837699890137]],[1079,[0.2595892548561096,1.687885046005249,-0.8633837699890137]],[1202,[0.2595892548561096,1.687885046005249,-0.8633837699890137]],[1223,[0.2595892548561096,1.687885046005249,-0.8633837699890137]],[1081,[-0.0049493759870529175,1.690662145614624,-0.8904805183410645]],[1084,[-0.0049493759870529175,1.690662145614624,-0.8904805183410645]],[1221,[-0.0049493759870529175,1.690662145614624,-0.8904805183410645]],[1225,[-0.0049493759870529175,1.690662145614624,-0.8904805183410645]],[1020,[-0.2694880962371826,1.687885046005249,-0.8633837699890137]],[1083,[-0.2694880962371826,1.687885046005249,-0.8633837699890137]],[1206,[-0.2694880962371826,1.687885046005249,-0.8633837699890137]],[1226,[-0.2694880962371826,1.687885046005249,-0.8633837699890137]],[917,[-0.6416344046592712,1.6756021976470947,-0.6238641738891602]],[1022,[-0.6416344046592712,1.6756021976470947,-0.6238641738891602]],[1046,[-0.6416344046592712,1.6756021976470947,-0.6238641738891602]],[1204,[-0.6416344046592712,1.6756021976470947,-0.6238641738891602]],[919,[-0.8315656781196594,1.6348154544830322,-0.13615356385707855]],[937,[-0.8315656781196594,1.6348154544830322,-0.13615356385707855]],[974,[-0.8315656781196594,1.6348154544830322,-0.13615356385707855]],[1044,[-0.8315656781196594,1.6348154544830322,-0.13615356385707855]],[1074,[-0.2746656537055969,1.6152501106262207,0.5143102407455444]],[1091,[-0.2746656537055969,1.6152501106262207,0.5143102407455444]],[1128,[-0.2746656537055969,1.6152501106262207,0.5143102407455444]],[1158,[-0.2746656537055969,1.6152501106262207,0.5143102407455444]],[939,[-0.5532881617546082,1.6422417163848877,0.3927203416824341]],[972,[-0.5532881617546082,1.6422417163848877,0.3927203416824341]],[1076,[-0.5532881617546082,1.6422417163848877,0.3927203416824341]],[1092,[-0.5532881617546082,1.6422417163848877,0.3927203416824341]]]}}],[1,{"_myID":1,"_myPositionMap":{"dataType":"Map","value":[[1127,[0,2.574211359024048,0.16496509313583374]],[1139,[0,2.574211359024048,0.16496509313583374]],[1156,[0,2.574211359024048,0.16496509313583374]],[1161,[0,2.574211359024048,0.16496509313583374]],[1071,[0.09182758629322052,2.5716028213500977,0.13046930730342865]],[1099,[0.09182758629322052,2.5716028213500977,0.13046930730342865]],[1141,[0.09182758629322052,2.5716028213500977,0.13046930730342865]],[1162,[0.09182758629322052,2.5716028213500977,0.13046930730342865]],[935,[0.18152405321598053,2.5673201084136963,0.1103169247508049]],[969,[0.18152405321598053,2.5673201084136963,0.1103169247508049]],[1072,[0.18152405321598053,2.5673201084136963,0.1103169247508049]],[1101,[0.18152405321598053,2.5673201084136963,0.1103169247508049]],[923,[0.23590989410877228,2.5658159255981445,0.02121588960289955]],[932,[0.23590989410877228,2.5658159255981445,0.02121588960289955]],[970,[0.23590989410877228,2.5658159255981445,0.02121588960289955]],[1041,[0.23590989410877228,2.5658159255981445,0.02121588960289955]],[920,[0.19132602214813232,2.5427844524383545,-0.06484529376029968]],[1018,[0.19132602214813232,2.5427844524383545,-0.06484529376029968]],[1042,[0.19132602214813232,2.5427844524383545,-0.06484529376029968]],[1201,[0.19132602214813232,2.5427844524383545,-0.06484529376029968]],[1017,[0.08981575071811676,2.517206907272339,-0.13283690810203552]],[1079,[0.08981575071811676,2.517206907272339,-0.13283690810203552]],[1202,[0.08981575071811676,2.517206907272339,-0.13283690810203552]],[1223,[0.08981575071811676,2.517206907272339,-0.13283690810203552]],[1081,[0,2.5210719108581543,-0.1325877457857132]],[1084,[0,2.5210719108581543,-0.1325877457857132]],[1221,[0,2.5210719108581543,-0.1325877457857132]],[1225,[0,2.5210719108581543,-0.1325877457857132]],[1020,[-0.08981575071811676,2.517206907272339,-0.13283690810203552]],[1083,[-0.08981575071811676,2.517206907272339,-0.13283690810203552]],[1206,[-0.08981575071811676,2.517206907272339,-0.13283690810203552]],[1226,[-0.08981575071811676,2.517206907272339,-0.13283690810203552]],[917,[-0.19132602214813232,2.5427844524383545,-0.06484529376029968]],[1022,[-0.19132602214813232,2.5427844524383545,-0.06484529376029968]],[1046,[-0.19132602214813232,2.5427844524383545,-0.06484529376029968]],[1204,[-0.19132602214813232,2.5427844524383545,-0.06484529376029968]],[919,[-0.23590989410877228,2.5658159255981445,0.02121588960289955]],[937,[-0.23590989410877228,2.5658159255981445,0.02121588960289955]],[974,[-0.23590989410877228,2.5658159255981445,0.02121588960289955]],[1044,[-0.23590989410877228,2.5658159255981445,0.02121588960289955]],[1074,[-0.09182758629322052,2.5716028213500977,0.13046930730342865]],[1091,[-0.09182758629322052,2.5716028213500977,0.13046930730342865]],[1128,[-0.09182758629322052,2.5716028213500977,0.13046930730342865]],[1158,[-0.09182758629322052,2.5716028213500977,0.13046930730342865]],[939,[-0.18152405321598053,2.5673201084136963,0.1103169247508049]],[972,[-0.18152405321598053,2.5673201084136963,0.1103169247508049]],[1076,[-0.18152405321598053,2.5673201084136963,0.1103169247508049]],[1092,[-0.18152405321598053,2.5673201084136963,0.1103169247508049]]]}}]]}}],[4,{"_myID":4,"_myIndexList":[759,813,2270,2287,2268,2289,2401,2417,1548,1589,2400,2420,386,1547,1592,201,206,385,199,205,761,811,193,212,756,815,1567,1586,2403,2416,2264,2294,2405,2414,755,816,2265,2291,194,214,379,375,1565,1588],"_myNextVariantID":2,"_myVariants":{"dataType":"Map","value":[[0,{"_myID":0,"_myPositionMap":{"dataType":"Map",