{"_myNextGroupID":3,"_myVertexGroups":{"dataType":"Map","value":[[0,{"_myID":0,"_myIndexList":[984,1024,1132,1131,1134,1184,1182,1187,1190,1194,1144,1151,1191,977,1001,1146,951,974,1002,1076,948,1054,1077,1220,1053,1113,1223,1247,1115,1125,1245,1249,1056,1124,1216,1250,945,1058,1074,1214,947,982,1026,1072],"_myNextVariantID":2,"_myVariants":{"dataType":"Map","value":[[0,{"_myID":0,"_myPositionMap":{"dataType":"Map","value":[[984,[-0.5367392301559448,1.6779917478561401,0.34452149271965027]],[1024,[-0.5367392301559448,1.6779917478561401,0.34452149271965027]],[1132,[-0.5367392301559448,1.6779917478561401,0.34452149271965027]],[1131,[-0.23796115815639496,1.6556570529937744,0.4912623167037964]],[1134,[-0.23796115815639496,1.6556570529937744,0.4912623167037964]],[1184,[-0.23796115815639496,1.6556570529937744,0.4912623167037964]],[1182,[0.013745173811912537,1.635654091835022,0.5501915216445923]],[1187,[0.013745173811912537,1.635654091835022,0.5501915216445923]],[1190,[0.013745173811912537,1.635654091835022,0.5501915216445923]],[1194,[0.013745173811912537,1.635654091835022,0.5501915216445923]],[1144,[0.26545143127441406,1.6556570529937744,0.4912623167037964]],[1151,[0.26545143127441406,1.6556570529937744,0.4912623167037964]],[1191,[0.26545143127441406,1.6556570529937744,0.4912623167037964]],[977,[0.5642310380935669,1.677991271018982,0.34451937675476074]],[1001,[0.5642310380935669,1.677991271018982,0.34451937675476074]],[1146,[0.5642310380935669,1.677991271018982,0.34451937675476074]],[951,[0.7805781960487366,1.6703710556030273,-0.10439957678318024]],[974,[0.7805781960487366,1.6703710556030273,-0.10439957678318024]],[1002,[0.7805781960487366,1.6703710556030273,-0.10439957678318024]],[1076,[0.7805781960487366,1.6703710556030273,-0.10439957678318024]],[948,[0.6053571701049805,1.704700231552124,-0.5514611601829529]],[1054,[0.6053571701049805,1.704700231552124,-0.5514611601829529]],[1077,[0.6053571701049805,1.704700231552124,-0.5514611601829529]],[1220,[0.6053571701049805,1.704700231552124,-0.5514611601829529]],[1053,[0.2606010437011719,1.71315336227417,-0.7736216187477112]],[1113,[0.2606010437011719,1.71315336227417,-0.7736216187477112]],[1223,[0.2606010437011719,1.71315336227417,-0.7736216187477112]],[1247,[0.2606010437011719,1.71315336227417,-0.7736216187477112]],[1115,[0.013745173811912537,1.7160398960113525,-0.7979505062103271]],[1125,[0.013745173811912537,1.7160398960113525,-0.7979505062103271]],[1245,[0.013745173811912537,1.7160398960113525,-0.7979505062103271]],[1249,[0.013745173811912537,1.7160398960113525,-0.7979505062103271]],[1056,[-0.2331107258796692,1.71315336227417,-0.7736216187477112]],[1124,[-0.2331107258796692,1.71315336227417,-0.7736216187477112]],[1216,[-0.2331107258796692,1.71315336227417,-0.7736216187477112]],[1250,[-0.2331107258796692,1.71315336227417,-0.7736216187477112]],[945,[-0.5778670310974121,1.704700231552124,-0.5514611601829529]],[1058,[-0.5778670310974121,1.704700231552124,-0.5514611601829529]],[1074,[-0.5778670310974121,1.704700231552124,-0.5514611601829529]],[1214,[-0.5778670310974121,1.704700231552124,-0.5514611601829529]],[947,[-0.753088653087616,1.6703710556030273,-0.10439957678318024]],[982,[-0.753088653087616,1.6703710556030273,-0.10439957678318024]],[1026,[-0.753088653087616,1.6703710556030273,-0.10439957678318024]],[1072,[-0.753088653087616,1.6703710556030273,-0.10439957678318024]]]}}],[1,{"_myID":1,"_myPositionMap":{"dataType":"Map","value":[[984,[-0.1799040138721466,2.567929744720459,0.1289340853691101]],[1024,[-0.1799040138721466,2.567929744720459,0.1289340853691101]],[1132,[-0.1799040138721466,2.567929744720459,0.1289340853691101]],[1131,[-0.09567134827375412,2.5711746215820312,0.14267072081565857]],[1134,[-0.09567134827375412,2.5711746215820312,0.14267072081565857]],[1184,[-0.09567134827375412,2.5711746215820312,0.14267072081565857]],[1182,[0,2.57384991645813,0.17774617671966553]],[1187,[0,2.57384991645813,0.17774617671966553]],[1190,[0,2.57384991645813,0.17774617671966553]],[1194,[0,2.57384991645813,0.17774617671966553]],[1144,[0.09567134827375412,2.5711746215820312,0.14267072081565857]],[1151,[0.09567134827375412,2.5711746215820312,0.14267072081565857]],[1191,[0.09567134827375412,2.5711746215820312,0.14267072081565857]],[977,[0.17990347743034363,2.567929744720459,0.12893463671207428]],[1001,[0.17990347743034363,2.567929744720459,0.12893463671207428]],[1146,[0.17990347743034363,2.567929744720459,0.12893463671207428]],[951,[0.24866831302642822,2.5664901733398438,0.02172115631401539]],[974,[0.24866831302642822,2.5664901733398438,0.02172115631401539]],[1002,[0.24866831302642822,2.5664901733398438,0.02172115631401539]],[1076,[0.24866831302642822,2.5664901733398438,0.02172115631401539]],[948,[0.20094498991966248,2.54483699798584,-0.07301511615514755]],[1054,[0.20094498991966248,2.54483699798584,-0.07301511615514755]],[1077,[0.20094498991966248,2.54483699798584,-0.07301511615514755]],[1220,[0.20094498991966248,2.54483699798584,-0.07301511615514755]],[1053,[0.09358954429626465,2.520077705383301,-0.144711434841156]],[1113,[0.09358954429626465,2.520077705383301,-0.144711434841156]],[1223,[0.09358954429626465,2.520077705383301,-0.144711434841156]],[1247,[0.09358954429626465,2.520077705383301,-0.144711434841156]],[1115,[0,2.5239193439483643,-0.14505283534526825]],[1125,[0,2.5239193439483643,-0.14505283534526825]],[1245,[0,2.5239193439483643,-0.14505283534526825]],[1249,[0,2.5239193439483643,-0.14505283534526825]],[1056,[-0.09358954429626465,2.520077705383301,-0.144711434841156]],[1124,[-0.09358954429626465,2.520077705383301,-0.144711434841156]],[1216,[-0.09358954429626465,2.520077705383301,-0.144711434841156]],[1250,[-0.09358954429626465,2.520077705383301,-0.144711434841156]],[945,[-0.20094498991966248,2.54483699798584,-0.07301511615514755]],[1058,[-0.20094498991966248,2.54483699798584,-0.07301511615514755]],[1074,[-0.20094498991966248,2.54483699798584,-0.07301511615514755]],[1214,[-0.20094498991966248,2.54483699798584,-0.07301511615514755]],[947,[-0.24866831302642822,2.5664901733398438,0.02172115631401539]],[982,[-0.24866831302642822,2.5664901733398438,0.02172115631401539]],[1026,[-0.24866831302642822,2.5664901733398438,0.02172115631401539]],[1072,[-0.24866831302642822,2.5664901733398438,0.02172115631401539]]]}}]]}}],[1,{"_myID":1,"_myIndexList":[789,901,2319,2336,2317,2338,2453,2476,1599,1636,2452,2479,388,398,1598,1639,202,391,397,200,204,791,899,785,911,2314,2340,193,196,786,910,194,387,420,385,422,1608,1635,1610,1633,2448,2475,2313,2343,2450,2473],"_myNextVariantID":2,"_myVariants":{"dataType":"Map","value":[[0,{"_myID":0,"_myPositionMap":{"dataType":"Map",