{"_myNextGroupID":3,"_myVertexGroups":{"dataType":"Map","value":[[0,{"_myID":0,"_myIndexList":[689,714,717,687,720,726,730,732,734,694,693,691],"_myNextVariantID":2,"_myVariants":{"dataType":"Map","value":[[0,{"_myID":0,"_myPositionMap":{"dataType":"Map","value":[[689,[-0.25192877650260925,1.761803150177002,0.49231064319610596]],[714,[0.2404567003250122,1.761803150177002,0.49231064319610596]],[717,[0.4938177168369293,1.7845280170440674,0.3842828571796417]],[687,[-0.005736067891120911,1.744791030883789,0.5503858327865601]],[720,[0.7424029111862183,1.7782461643218994,-0.08642669767141342]],[726,[0.5734519958496094,1.809950590133667,-0.5186893939971924]],[730,[0.23087957501411438,1.8209731578826904,-0.7379353046417236]],[732,[-0.005736067891120911,1.820122480392456,-0.7608548402786255]],[734,[-0.24235162138938904,1.8209731578826904,-0.7379353046417236]],[694,[-0.5849243402481079,1.809950590133667,-0.5186893939971924]],[693,[-0.7538750171661377,1.7782461643218994,-0.08642669767141342]],[691,[-0.5052899122238159,1.7845280170440674,0.3842828571796417]]]}}],[1,{"_myID":1,"_myPositionMap":{"dataType":"Map","value":[[689,[-0.09800433367490768,2.5718038082122803,0.15016211569309235]],[714,[0.09800433367490768,2.5718038082122803,0.15016211569309235]],[717,[0.19432604312896729,2.5686397552490234,0.1264529675245285]],[687,[0,2.573629379272461,0.1855967789888382]],[720,[0.25650596618652344,2.5668463706970215,0.02207961678504944]],[726,[0.206462100148201,2.5461816787719727,-0.0784759521484375]],[730,[0.09701355546712875,2.5210397243499756,-0.1518581211566925]],[732,[0,2.5257527828216553,-0.1526900827884674]],[734,[-0.09701355546712875,2.5210397243499756,-0.1518581211566925]],[694,[-0.206462100148201,2.5461816787719727,-0.0784759521484375]],[693,[-0.25650596618652344,2.5668463706970215,0.02207961678504944]],[691,[-0.19432604312896729,2.5686397552490234,0.1264529675245285]]]}}]]}}],[1,{"_myID":1,"_myIndexList":[669,649,670,652,659,662,601,604,608,523,587,588,595,650],"_myNextVariantID":2,"_myVariants":{"dataType":"Map","value":[[0,{"_myID":0,"_myPositionMap":{"dataType":"Map","value":[[669,[-0.8094658255577087,2.705759048461914,0.10663497447967529]],[649,[-0.6913999915122986,2.586209774017334,-0.06154908612370491]],[670,[-0.6913999915122986,2.586209774017334,-0.06154908612370491]],[652,[-0.9582201838493347,2.706709861755371,-0.325344055891037]],[659,[-1.045335292816162,2.8016738891601562,-0.19121894240379333]],[662,[-1.0208165645599365,2.835838794708252,0.003838777542114258]],[601,[1.0821659564971924,2.82393741607666,-0.17012488842010498]],[604,[0.9891973733901978,2.7225780487060547,-0.3124978840351105]],[608,[0.7727303504943848,2.5853161811828613,-0.2769906222820282]],[523,[0.7041219472885132,2.5913867950439453,-0.029565883800387383]],[587,[0.7041219472885132,2.5913867950439453,-0.029565883800387383]],[588,[0.8296093940734863,2.7200679779052734,0.14905083179473877]],[595,[1.0551164150238037,2.859933853149414,0.03897559642791748]],[650,[-0.7552147507667542,2.5797462463378906,-0.2932181656360626]]]}}],[1,{"_myID":1,"_myPositionMap":{"dataType":"Map","value":[[669,[-1.000357985496521,2.5278217792510986,0.0022485749796032906]],[649,[-0.9698671698570251,2.5160186290740967,-0.04283427447080612]],[670,[-0.9698671698570251,2.5160186290740967,-0.04283427447080612]],[652,[-1.0212775468826294,2.5103533267974854,-0.08081994950771332]],[659,[-1.0393157005310059,2.52987003326416,-0.04401685297489166]],[662,[-1.0446590185165405,2.542448043823242,-0.014657676219940186]],[601,[1.0393157005310059,2.52987003326416,-0.04401685297489166]],[604,[1.0212775468826294,2.5103533267974854,-0.08081994950771332]],[608,[0.9771197438240051,2.5049166679382324,-0.08859289437532425]],[523,[0.9698671698570251,2.5160186290740967,-0.04283427447080612]],[587,[0.9698671698570251,2.5160186290740967,-0.04283427447080612]],[588,[1.000357985496521,2.5278217792510986,0.0022485749796032906]],[595,[1.0446590185165405,2.542448043823242,-0.014657676219940186]],[650,[-0.9771197438240051,2.5049166679382324,-0.08859289437532425]]]}}]]}}],[2,{"_myID":2,"_myIndexList":[84,96,95,90,94],"_myNextVariantID":2,"_myVariants":{"dataType":"Map","value":[[0,{"_myID":0,"_myPositionMap":{"dataType":"Map","value":[[84,[0,3.905754804611206,0.2931835949420929]],[96,[0.07134299725294113,3.8024613857269287,0.25868678092956543]],[95,[0,3.7687442302703857,0.30291908979415894]],[90,[-0.07134299725294113,3.8024613857269287,0.25868678092956543]],[94,[0,3.81158709526062,0.3556019365787506]]]}}],[1,{"_myID":1,"_myPositionMap":{"dataType":"Map","value":[[84,[0,3.9097280502319336,0.25929000973701477]],[96,[0.051371678709983826,3.806583881378174,0.23132415115833282]],[95,[0,3.7902169227600098,0.2763960361480713]],[90,[-0.051371678709983826,3.806583881378174,0.23132415115833282]],[94,[0,3.805335760116577,0.3992575705051422]]]}}]]}}]]}}