{"_myNextGroupID":4,"_myVertexGroups":{"dataType":"Map","value":[[0,{"_myID":0,"_myIndexList":[443,445,448,451,446,450,424,420,422,427,430,433,437,441,435,439,432,429,426,452],"_myNextVariantID":2,"_myVariants":{"dataType":"Map","value":[[0,{"_myID":0,"_myPositionMap":{"dataType":"Map","value":[[443,[0,0.17346295714378357,0.0552683025598526]],[445,[-0.04184877499938011,0.17343468964099884,0.04642792418599129]],[448,[-0.05578187480568886,0.17427881062030792,0.042520273476839066]],[451,[-0.05617416277527809,0.17849701642990112,-0.007440410554409027]],[446,[-0.058245498687028885,0.11439889669418335,0.04533451795578003]],[450,[-0.0578797273337841,0.11978871375322342,-0.004312356933951378]],[424,[-0.04225877672433853,0.12199412286281586,-0.006260715425014496]],[420,[0,0.12224722653627396,-0.016079243272542953]],[422,[0.04225877672433853,0.12199412286281586,-0.006260715425014496]],[427,[0.0578797273337841,0.11978871375322342,-0.004312356933951378]],[430,[0.058245498687028885,0.11439889669418335,0.04533451795578003]],[433,[0.04378524422645569,0.11581558734178543,0.04832104593515396]],[437,[0,0.11606006324291229,0.05915425345301628]],[441,[-0.04378524422645569,0.11581558734178543,0.04832104593515396]],[435,[0.05578187480568886,0.17427881062030792,0.042520273476839066]],[439,[0.04184877499938011,0.17343468964099884,0.04642792418599129]],[432,[0.05617416277527809,0.17849701642990112,-0.007440410554409027]],[429,[0.042069870978593826,0.179748997092247,-0.010649504140019417]],[426,[0,0.17992226779460907,-0.019440097734332085]],[452,[-0.042069870978593826,0.179748997092247,-0.010649504140019417]]]}}],[1,{"_myID":1,"_myPositionMap":{"dataType":"Map","value":[[443,[0,0.17386525869369507,0.12320783734321594]],[445,[-0.06726691126823425,0.17388461530208588,0.1094331294298172]],[448,[-0.11525532603263855,0.17330431938171387,0.07535165548324585]],[451,[-0.1149856224656105,0.1727970838546753,-0.04097645729780197]],[446,[-0.11601001769304276,0.12170161306858063,0.0803469642996788]],[450,[-0.1162615418434143,0.12506353855133057,-0.03865886479616165]],[424,[-0.06592737883329391,0.12354715913534164,-0.06992645561695099]],[420,[0,0.1233731284737587,-0.08401062339544296]],[422,[0.06592737883329391,0.12354715913534164,-0.06992645561695099]],[427,[0.1162615418434143,0.12506353855133057,-0.03865886479616165]],[430,[0.11601001769304276,0.12170161306858063,0.0803469642996788]],[433,[0.06842178106307983,0.1207275539636612,0.11144674569368362]],[437,[0,0.1205594539642334,0.12694582343101501]],[441,[-0.06842178106307983,0.1207275539636612,0.11144674569368362]],[435,[0.11525532603263855,0.17330431938171387,0.07535165548324585]],[439,[0.06726691126823425,0.17388461530208588,0.1094331294298172]],[432,[0.1149856224656105,0.1727970838546753,-0.04097645729780197]],[429,[0.06598474830389023,0.1719362884759903,-0.07376039028167725]],[426,[0,0.17181716859340668,-0.08689562976360321]],[452,[-0.06598474830389023,0.1719362884759903,-0.07376039028167725]]]}}]]}}],[1,{"_myID":1,"_myIndexList":[226,227,228,230,231,229,225,236,287,288,284,286,280,290,282,289],"_myNextVariantID":2,"_myVariants":{"dataType":"Map","value":[[0,{"_myID":0,"_myPositionMap":{"dataType":"Map","value":[[226,[0.18503811955451965,0.19169753789901733,0.04874475672841072]],[227,[0.24874721467494965,0.26571840047836304,0.058213938027620316]],[228,[0.281576931476593,0.2646547853946686,-0.04583461582660675]],[230,[0.2673059403896332,0.25366318225860596,0.0678689107298851]],[231,[0.31082651019096375,0.25317835807800293,-0.03618668019771576]],[229,[0.19894622266292572,0.17229346930980682,0.05659066513180733]],[225,[0.2249222695827484,0.1860094964504242,-0.056992605328559875]],[236,[0.24837037920951843,0.1607362926006317,-0.049701590090990067]],[287,[-0.19506609439849854,0.16948364675045013,0.05975896492600441]],[288,[-0.2683839499950409,0.2571742832660675,0.07228466123342514]],[284,[-0.250162810087204,0.2692006528377533,0.06255663186311722]],[286,[-0.18124757707118988,0.1888977438211441,0.0520283468067646]],[280,[-0.22326281666755676,0.18308168649673462,-0.0616469644010067]],[290,[-0.2470923662185669,0.1574559509754181,-0.054239772260189056]],[282,[-0.28476765751838684,0.2678525447845459,-0.049381744116544724]],[289,[-0.3143959641456604,0.25656449794769287,-0.039150044322013855]]]}}],[1,{"_myID":1,"_myPositionMap":{"dataType":"Map","value":[[226,[0.22406256198883057,0.22052237391471863,0.01493924856185913]],[227,[0.23417313396930695,0.2298678755760193,0.01350459735840559]],[228,[0.24872703850269318,0.23173277080059052,-0.009315937757492065]],[230,[0.2562076151371002,0.21751530468463898,0.022407475858926773]],[231,[0.27407756447792053,0.2183169424533844,-0.0056779999285936356]],[229,[0.23889343440532684,0.20122161507606506,0.023972073569893837]],[225,[0.24200662970542908,0.21615204215049744,-0.009074555709958076]],[236,[0.2615279257297516,0.19450810551643372,-0.00297975679859519]],[287,[-0.2392495721578598,0.20147952437400818,0.02368120662868023]],[288,[-0.25610867142677307,0.21719296276569366,0.022002100944519043]],[284,[-0.2340431958436966,0.22954826056957245,0.01310591958463192]],[286,[-0.22441047430038452,0.2207793891429901,0.014637814834713936]],[280,[-0.2421589344739914,0.21642082929611206,-0.008647283539175987]],[290,[-0.2616453468799591,0.1948091983795166,-0.002563157584518194]],[282,[-0.2484341263771057,0.2314392477273941,-0.008990316651761532]],[289,[-0.2737497389316559,0.21800611913204193,-0.005405968055129051]]]}}]]}}],[2,{"_myID":2,"_myIndexList":[142,143,144,141,136,145,146,147,140,137,138,139,62,58,52,48,51,54,182,179,50,49,180,183],"_myNextVariantID":2,"_myVariants":{"dataType":"Map","value":[[0,{"_myID":0,"_myPositionMap":{"dataType":"Map","value":[[142,[0.08469174057245255,-0.29477038979530334,0.06720494478940964]],[143,[0.14454372227191925,-0.2865535616874695,0.03330507501959801]],[144,[0.1432793140411377,-0.27163511514663696,-0.04513290151953697]],[141,[0.1403159648180008,-0.28889936208724976,-0.054532065987586975]],[136,[0.08348850905895233,-0.28026774525642395,-0.08771493285894394]],[145,[0.08451785892248154,-0.26599547266960144,-0.08133885264396667]],[146,[0.020334817469120026,-0.2776414752006531,-0.046893589198589325]],[147,[0.019400043413043022,-0.2919885516166687,0.033512476831674576]],[140,[0.13972359895706177,-0.3112154006958008,0.026620827615261078]],[137,[0.026811785995960236,-0.2930554747581482,-0.05556175112724304]],[138,[0.02725844644010067,-0.3154189884662628,0.025415979325771332]],[139,[0.08354097604751587,-0.3203960657119751,0.05519142374396324]],[62,[-0.026811785995960236,-0.2930554747581482,-0.05556175112724304]],[58,[-0.08348850905895233,-0.28026774525642395,-0.08771493285894394]],[52,[-0.1403159648180008,-0.28889936208724976,-0.054532065987586975]],[48,[-0.13972359895706177,-0.3112154006958008,0.026620827615261078]],[51,[-0.08354097604751587,-0.3203960657119751,0.05519142374396324]],[54,[-0.02725844644010067,-0.3154189884662628,0.025415979325771332]],[182,[-0.020334817469120026,-0.2776414752006531,-0.046893589198589325]],[179,[-0.08451785892248154,-0.26599547266960144,-0.08133885264396667]],[50,[-0.1432793140411377,-0.27163511514663696,-0.04513290151953697]],[49,[-0.14454372227191925,-0.2865535616874695,0.03330507501959801]],[180,[-0.08469174057245255,-0.29477038979530334,0.06720494478940964]],[183,[-0.019400043413043022,-0.2919885516166687,0.033512476831674576]]]}}],[1,{"_myID":1,"_myPositionMap":{"dataType":"Map",