{"_myNextGroupID":3,"_myVertexGroups":{"dataType":"Map","value":[[0,{"_myID":0,"_myIndexList":[760,763,1328,1439,1509,1396,1401,1404,1440,1508,1399,1402,1686,1700,1660,1683,1697,1737,1502,1595,1600,1611,1698,1736,1263,1400,1594,1696,1699,1208,1262,1305,1403,1438,1441,761,833,843,957,1236,1304,1442],"_myNextVariantID":2,"_myVariants":{"dataType":"Map","value":[[0,{"_myID":0,"_myPositionMap":{"dataType":"Map","value":[[760,[0,3.2001237869262695,0.28788989782333374]],[763,[0,3.2001237869262695,0.28788989782333374]],[1328,[0,3.2001237869262695,0.28788989782333374]],[1439,[0,3.2001237869262695,0.28788989782333374]],[1509,[0,3.2001237869262695,0.28788989782333374]],[1396,[0,3.078892230987549,0.29496651887893677]],[1401,[0,3.078892230987549,0.29496651887893677]],[1404,[0,3.078892230987549,0.29496651887893677]],[1440,[0,3.078892230987549,0.29496651887893677]],[1508,[0,3.078892230987549,0.29496651887893677]],[1399,[0.13877131044864655,2.9519898891448975,0.3684665560722351]],[1402,[0.13877131044864655,2.9519898891448975,0.3684665560722351]],[1686,[0.13877131044864655,2.9519898891448975,0.3684665560722351]],[1700,[0.13877131044864655,2.9519898891448975,0.3684665560722351]],[1660,[0.13877131044864655,2.7586495876312256,0.357058584690094]],[1683,[0.13877131044864655,2.7586495876312256,0.357058584690094]],[1697,[0.13877131044864655,2.7586495876312256,0.357058584690094]],[1737,[0.13877131044864655,2.7586495876312256,0.357058584690094]],[1502,[0.257904589176178,2.7459957599639893,0.30935394763946533]],[1595,[0.257904589176178,2.7459957599639893,0.30935394763946533]],[1600,[0.257904589176178,2.7459957599639893,0.30935394763946533]],[1611,[0.257904589176178,2.7459957599639893,0.30935394763946533]],[1698,[0.257904589176178,2.7459957599639893,0.30935394763946533]],[1736,[0.257904589176178,2.7459957599639893,0.30935394763946533]],[1263,[0.2508617341518402,2.9249255657196045,0.31279614567756653]],[1400,[0.2508617341518402,2.9249255657196045,0.31279614567756653]],[1594,[0.2508617341518402,2.9249255657196045,0.31279614567756653]],[1696,[0.2508617341518402,2.9249255657196045,0.31279614567756653]],[1699,[0.2508617341518402,2.9249255657196045,0.31279614567756653]],[1208,[0.15205185115337372,3.059218168258667,0.21130548417568207]],[1262,[0.15205185115337372,3.059218168258667,0.21130548417568207]],[1305,[0.15205185115337372,3.059218168258667,0.21130548417568207]],[1403,[0.15205185115337372,3.059218168258667,0.21130548417568207]],[1438,[0.15205185115337372,3.059218168258667,0.21130548417568207]],[1441,[0.15205185115337372,3.059218168258667,0.21130548417568207]],[761,[0.19201330840587616,3.187839984893799,0.17623820900917053]],[833,[0.19201330840587616,3.187839984893799,0.17623820900917053]],[843,[0.19201330840587616,3.187839984893799,0.17623820900917053]],[957,[0.19201330840587616,3.187839984893799,0.17623820900917053]],[1236,[0.19201330840587616,3.187839984893799,0.17623820900917053]],[1304,[0.19201330840587616,3.187839984893799,0.17623820900917053]],[1442,[0.19201330840587616,3.187839984893799,0.17623820900917053]]]}}],[1,{"_myID":1,"_myPositionMap":{"dataType":"Map","value":[[760,[0,3.2001237869262695,0.28788989782333374]],[763,[0,3.2001237869262695,0.28788989782333374]],[1328,[0,3.2001237869262695,0.28788989782333374]],[1439,[0,3.2001237869262695,0.28788989782333374]],[1509,[0,3.2001237869262695,0.28788989782333374]],[1396,[0,3.078892230987549,0.29496651887893677]],[1401,[0,3.078892230987549,0.29496651887893677]],[1404,[0,3.078892230987549,0.29496651887893677]],[1440,[0,3.078892230987549,0.29496651887893677]],[1508,[0,3.078892230987549,0.29496651887893677]],[1399,[-0.07471601665019989,3.008683919906616,0.40292006731033325]],[1402,[-0.07471601665019989,3.008683919906616,0.40292006731033325]],[1686,[-0.07471601665019989,3.008683919906616,0.40292006731033325]],[1700,[-0.07471601665019989,3.008683919906616,0.40292006731033325]],[1660,[-0.07734011858701706,2.817586660385132,0.3917504847049713]],[1683,[-0.07734011858701706,2.817586660385132,0.3917504847049713]],[1697,[-0.07734011858701706,2.817586660385132,0.3917504847049713]],[1737,[-0.07734011858701706,2.817586660385132,0.3917504847049713]],[1502,[0.031190408393740654,2.8002851009368896,0.34640008211135864]],[1595,[0.031190408393740654,2.8002851009368896,0.34640008211135864]],[1600,[0.031190408393740654,2.8002851009368896,0.34640008211135864]],[1611,[0.031190408393740654,2.8002851009368896,0.34640008211135864]],[1698,[0.031190408393740654,2.8002851009368896,0.34640008211135864]],[1736,[0.031190408393740654,2.8002851009368896,0.34640008211135864]],[1263,[0.02149289846420288,2.9794692993164062,0.3510383665561676]],[1400,[0.02149289846420288,2.9794692993164062,0.3510383665561676]],[1594,[0.02149289846420288,2.9794692993164062,0.3510383665561676]],[1696,[0.02149289846420288,2.9794692993164062,0.3510383665561676]],[1699,[0.02149289846420288,2.9794692993164062,0.3510383665561676]],[1208,[0.15205185115337372,3.059218168258667,0.21130548417568207]],[1262,[0.15205185115337372,3.059218168258667,0.21130548417568207]],[1305,[0.15205185115337372,3.059218168258667,0.21130548417568207]],[1403,[0.15205185115337372,3.059218168258667,0.21130548417568207]],[1438,[0.15205185115337372,3.059218168258667,0.21130548417568207]],[1441,[0.15205185115337372,3.059218168258667,0.21130548417568207]],[761,[0.19201330840587616,3.187839984893799,0.17623820900917053]],[833,[0.19201330840587616,3.187839984893799,0.17623820900917053]],[843,[0.19201330840587616,3.187839984893799,0.17623820900917053]],[957,[0.19201330840587616,3.187839984893799,0.17623820900917053]],[1236,[0.19201330840587616,3.187839984893799,0.17623820900917053]],[1304,[0.19201330840587616,3.187839984893799,0.17623820900917053]],[1442,[0.19201330840587616,3.187839984893799,0.17623820900917053]]]}}]]}}],[1,{"_myID":1,"_myIndexList":[1608,1618,1624,1626,1674,1540,1551,1605,1610,1627,1659,1279,1390,1541,1553,1280,1392,1458,1476,1516,1278,1320,1457,1461,1539,1619,1625,1264,1302,1459,1462,1475],"_myNextVariantID":0,"_myVariants":{"dataType":"Map","value":[]}}],[2,{"_myID":2,"_myIndexList":[458,484,2102,2105,2200,2106,2199,2235,3293,3299,3302,2041,2103,3304,3314,1917,1988,2042,3316,3327,1146,1914,3163,3172,3329,428,639,1143,1915,425,439,1913,1916,1989,438,455,461,1987,2040,2104,2234,2385,2477,3291,3294,3485,480,483,663,2198,2233,2478],"_myNextVariantID":0,"_myVariants":{"dataType":"Map","value":[]}}]]}}